collection,slug,article_name,published,publishing_date,url
Scaffolding,emotional-scaffolding-strategies,Emotional Scaffolding,2026-04-21,2026-03-27,https://wayground.com/learn/scaffolding/emotional-scaffolding-strategies
Scaffolding,integrated-scaffolding-concepts,Integrated Scaffolding Concepts,2026-04-20,2026-03-27,https://wayground.com/learn/scaffolding/integrated-scaffolding-concepts
Scaffolding,scaffolding-language-learning,Scaffolding Language Learning,2026-04-21,2026-03-27,https://wayground.com/learn/scaffolding/scaffolding-language-learning
Scaffolding,scaffolding-notes,Scaffolding Notes,2026-04-21,2026-03-27,https://wayground.com/learn/scaffolding/scaffolding-notes
Scaffolding,scaffolding-questions,Scaffolding Questions,2026-04-21,2026-03-27,https://wayground.com/learn/scaffolding/scaffolding-questions
Scaffolding,scaffolding-for-ells,Scaffolding for Ells,2026-04-21,2026-03-27,https://wayground.com/learn/scaffolding/scaffolding-for-ells
Scaffolding,scaffolding-for-reading,Scaffolding for Reading,2026-04-21,2026-03-27,https://wayground.com/learn/scaffolding/scaffolding-for-reading
Scaffolding,scaffolding-in-early-childhood-education,Scaffolding in Early Childhood Education,2026-04-21,2026-03-27,https://wayground.com/learn/scaffolding/scaffolding-in-early-childhood-education
Scaffolding,scaffolding-in-education,Scaffolding in Education,2026-04-20,2026-03-27,https://wayground.com/learn/scaffolding/scaffolding-in-education
Scaffolding,scaffolding-in-math,Scaffolding in Math,2026-04-21,2026-03-27,https://wayground.com/learn/scaffolding/scaffolding-in-math
Scaffolding,scaffolding-in-writing,Scaffolding in Writing,2026-04-21,2026-03-27,https://wayground.com/learn/scaffolding/scaffolding-in-writing
Scaffolding,types-of-scaffolding-in-education,Types of Scaffolding in Education,2026-04-20,2026-03-27,https://wayground.com/learn/scaffolding/types-of-scaffolding-in-education
Engagement,evaluating-student-engagement-platforms-scalability,Evaluating Student Engagement Platforms for Scalability,2026-04-21,2026-03-27,https://wayground.com/learn/engagement/evaluating-student-engagement-platforms-scalability
Engagement,how-to-engage-students-in-active-learning,How to Engage Students in Active Learning,2026-04-21,2026-03-27,https://wayground.com/learn/engagement/how-to-engage-students-in-active-learning
Engagement,student-engagement-strategies,Student Engagement Strategies,2026-04-21,2026-03-27,https://wayground.com/learn/engagement/student-engagement-strategies
Engagement,student-motivation-and-engagement-strategies,Student Motivation and Engagement,2026-04-21,2026-03-27,https://wayground.com/learn/engagement/student-motivation-and-engagement-strategies
Engagement,tools-personalized-student-engagement-strategies,Tools for Personalized Student Engagement Strategies,2026-04-21,2026-03-27,https://wayground.com/learn/engagement/tools-personalized-student-engagement-strategies
Differentiated Learning,benefits-of-differentiated-instruction,Benefits of Differentiated Instruction,2026-03-30,2026-03-27,https://wayground.com/learn/differentiated-learning/benefits-of-differentiated-instruction
Differentiated Learning,differentiated-assessment-strategies,Differentiated Assessment,2026-03-30,2026-03-27,https://wayground.com/learn/differentiated-learning/differentiated-assessment-strategies
Differentiated Learning,differentiated-instruction-gifted-struggling-students-same-class,Differentiated Instruction Gifted Struggling Students Same Class,2026-03-30,2026-03-27,https://wayground.com/learn/differentiated-learning/differentiated-instruction-gifted-struggling-students-same-class
Differentiated Learning,differentiated-instruction-strategies,Differentiated Instruction Strategies,2026-03-30,2026-03-27,https://wayground.com/learn/differentiated-learning/differentiated-instruction-strategies
Differentiated Learning,differentiated-instruction-tools,Differentiated Instruction Tools,2026-03-30,2026-03-27,https://wayground.com/learn/differentiated-learning/differentiated-instruction-tools
Differentiated Learning,differentiated-instruction-vs-universal-design-for-learning,Differentiated Instruction Vs Universal Design for Learning,2026-03-30,2026-03-27,https://wayground.com/learn/differentiated-learning/differentiated-instruction-vs-universal-design-for-learning
Differentiated Learning,differentiated-instruction-for-gifted-students,Differentiated Instruction for Gifted Students,2026-03-30,2026-03-27,https://wayground.com/learn/differentiated-learning/differentiated-instruction-for-gifted-students
Differentiated Learning,differentiated-instruction-special-education,Differentiated Instruction for Special Education,2026-03-30,2026-03-27,https://wayground.com/learn/differentiated-learning/differentiated-instruction-special-education
Differentiated Learning,differentiated-instruction-in-math,Differentiated Instruction in Math,2026-03-30,2026-03-27,https://wayground.com/learn/differentiated-learning/differentiated-instruction-in-math
Differentiated Learning,differentiated-lesson-plan-examples,Differentiated Lesson Plan Examples,2026-03-30,2026-03-27,https://wayground.com/learn/differentiated-learning/differentiated-lesson-plan-examples
Differentiated Learning,differentiated-questions,Differentiated Questions,2026-03-30,2026-03-27,https://wayground.com/learn/differentiated-learning/differentiated-questions
Differentiated Learning,differentiated-instruction-in-science,Differentiation Instruction in Science,2026-03-30,2026-03-27,https://wayground.com/learn/differentiated-learning/differentiated-instruction-in-science
Differentiated Learning,differentiation-methods,Differentiation Methods,2026-03-30,2026-03-27,https://wayground.com/learn/differentiated-learning/differentiation-methods
Differentiated Learning,differentiation-techniques-in-the-classroom,Differentiation Techniques in the Classroom,2026-03-30,2026-03-27,https://wayground.com/learn/differentiated-learning/differentiation-techniques-in-the-classroom
Differentiated Learning,differentiation-in-education,Differentiation in Education,2026-03-30,2026-03-27,https://wayground.com/learn/differentiated-learning/differentiation-in-education
Differentiated Learning,how-to-differentiate-mixed-ability-classrooms,How to Differentiate in Mixed Ability Classrooms,2026-03-30,2026-03-27,https://wayground.com/learn/differentiated-learning/how-to-differentiate-mixed-ability-classrooms
Differentiated Learning,learning-stations-differentiated-instruction,Learning Stations for Differentiated Instruction,2026-03-30,2026-03-27,https://wayground.com/learn/differentiated-learning/learning-stations-differentiated-instruction
Differentiated Learning,scaffolding-vs-differentiation,Scaffolding Vs Differentiation,2026-03-30,2026-03-27,https://wayground.com/learn/differentiated-learning/scaffolding-vs-differentiation
Differentiated Learning,technology-and-differentiated-instruction,Technology and Differentiated Instruction,2026-03-30,2026-03-27,https://wayground.com/learn/differentiated-learning/technology-and-differentiated-instruction
CTE Blogs,ai-powered-assessment-generation-future-of-cte,ai-powered-assessment-generation-future-of-cte,2026-04-02,,https://wayground.com/cte/blogs/ai-powered-assessment-generation-future-of-cte
CTE Blogs,common-assessments-cte-consistency,common-assessments-cte-consistency,2026-04-02,,https://wayground.com/cte/blogs/common-assessments-cte-consistency
CTE Blogs,cte-assessment-accommodations-complete-guide,cte-assessment-accommodations-complete-guide,2026-04-02,,https://wayground.com/cte/blogs/cte-assessment-accommodations-complete-guide
CTE Blogs,cte-director-vendor-consolidation-guide,cte-director-vendor-consolidation-guide,2026-04-02,,https://wayground.com/cte/blogs/cte-director-vendor-consolidation-guide
CTE Blogs,cte-readiness-reporting-administrators,cte-readiness-reporting-administrators,2026-04-02,,https://wayground.com/cte/blogs/cte-readiness-reporting-administrators
CTE Blogs,from-quizizz-to-wayground-why-cte-matters,from-quizizz-to-wayground-why-cte-matters,2026-04-02,,https://wayground.com/cte/blogs/from-quizizz-to-wayground-why-cte-matters
CTE Blogs,gamification-cte-certification-pass-rates,gamification-cte-certification-pass-rates,2026-04-02,,https://wayground.com/cte/blogs/gamification-cte-certification-pass-rates
CTE Blogs,one-platform-all-cte-certifications,one-platform-all-cte-certifications,2026-04-02,,https://wayground.com/cte/blogs/one-platform-all-cte-certifications
CTE Blogs,perkins-v-step-by-step-guide,perkins-v-step-by-step-guide,2026-04-02,,https://wayground.com/cte/blogs/perkins-v-step-by-step-guide
CTE Certification Preps,certiport-esb,certiport-esb,2026-04-02,,https://wayground.com/cte/certification-prep/certiport-esb
CTE Certification Preps,comptia-a-plus,comptia-a-plus,2026-04-02,,https://wayground.com/cte/certification-prep/comptia-a-plus
CTE Certification Preps,comptia-itf-plus,comptia-itf-plus,2026-04-02,,https://wayground.com/cte/certification-prep/comptia-itf-plus
CTE Certification Preps,nccer-core,nccer-core,2026-04-02,,https://wayground.com/cte/certification-prep/nccer-core
CTE Certification Preps,osha-10-hour,osha-10-hour,2026-04-02,,https://wayground.com/cte/certification-prep/osha-10-hour
CTE Certification Preps,servsafe,servsafe,2026-04-02,,https://wayground.com/cte/certification-prep/servsafe
CTE Certification Preps,wise-financial-literacy,wise-financial-literacy,2026-04-02,,https://wayground.com/cte/certification-prep/wise-financial-literacy
CTE Compares,best-cte-assessment-platforms,best-cte-assessment-platforms,2026-04-02,,https://wayground.com/cte/compare/best-cte-assessment-platforms
CTE Compares,wayground-vs-icev,wayground-vs-icev,2026-04-02,,https://wayground.com/cte/compare/wayground-vs-icev
CTE Compares,wayground-vs-nocti,wayground-vs-nocti,2026-04-02,,https://wayground.com/cte/compare/wayground-vs-nocti
CTE Compares,wayground-vs-precision-exams,wayground-vs-precision-exams,2026-04-02,,https://wayground.com/cte/compare/wayground-vs-precision-exams
CTE Perkins Vs,assessment-tools,assessment-tools,2026-04-02,,https://wayground.com/cte/perkins-v/assessment-tools
CTE Perkins Vs,clna-guide,clna-guide,2026-04-02,,https://wayground.com/cte/perkins-v/clna-guide
CTE Perkins Vs,sample-budget-justification,sample-budget-justification,2026-04-02,,https://wayground.com/cte/perkins-v/sample-budget-justification
CTE Perkins Vs,section-135-allowable-uses,section-135-allowable-uses,2026-04-02,,https://wayground.com/cte/perkins-v/section-135-allowable-uses
CTE State Standards,california,california,2026-04-02,,https://wayground.com/cte/state-standards/california
CTE State Standards,florida,florida,2026-04-02,,https://wayground.com/cte/state-standards/florida
CTE State Standards,georgia,georgia,2026-04-02,,https://wayground.com/cte/state-standards/georgia
CTE State Standards,north-carolina,north-carolina,2026-04-02,,https://wayground.com/cte/state-standards/north-carolina
CTE State Standards,ohio,ohio,2026-04-02,,https://wayground.com/cte/state-standards/ohio
CTE State Standards,pennsylvania,pennsylvania,2026-04-02,,https://wayground.com/cte/state-standards/pennsylvania
CTE State Standards,texas,texas,2026-04-02,,https://wayground.com/cte/state-standards/texas
CTE State Standards,virginia,virginia,2026-04-02,,https://wayground.com/cte/state-standards/virginia
Generators,ai-grader-for-fair-fast-feedback,"AI Grader for Fair, Fast Feedback",2026-03-15,,https://wayground.com/learn/generators/ai-grader-for-fair-fast-feedback
Generators,ai-multiple-choice-question-generator,AI Multiple Choice Question Generator: Create Quiz Questions Instantly,2026-04-06,2026-03-27,https://wayground.com/learn/generators/ai-multiple-choice-question-generator
Generators,ai-report-card-comment-generator-made-for-teachers,AI Report Card Comment Generator Made for Teachers,2026-03-06,2026-02-09,https://wayground.com/learn/generators/ai-report-card-comment-generator-made-for-teachers
Generators,rubric-generator,AI Rubric Generator for Teachers: Create Grading Rubrics in Seconds,2026-04-06,2026-03-27,https://wayground.com/learn/generators/rubric-generator
Generators,ai-text-leveler-making-reading-accessible-for-all-students,AI Text Leveler: Making Reading Accessible for All Students,2026-03-06,,https://wayground.com/learn/generators/ai-text-leveler-making-reading-accessible-for-all-students
Generators,assignment-scaffolding-generator-built-for-real-classrooms,Assignment Scaffolding Generator Built for Real Classrooms,2026-03-06,,https://wayground.com/learn/generators/assignment-scaffolding-generator-built-for-real-classrooms
Generators,blooms-higher-order-thinking-question-generator-made-simple,Bloom's Higher-Order Thinking Question Generator Made Simple,2026-03-06,,https://wayground.com/learn/generators/blooms-higher-order-thinking-question-generator-made-simple
Generators,classroom-activity-generator-for-inclusive-lessons,Classroom Activity Generator for Inclusive Lessons,2026-03-06,2026-02-23,https://wayground.com/learn/generators/classroom-activity-generator-for-inclusive-lessons
Generators,dok-question-generator-save-time-boost-engagement,"DOK Question Generator: Save Time, Boost Engagement",2026-03-06,2026-02-23,https://wayground.com/learn/generators/dok-question-generator-save-time-boost-engagement
Generators,email-response-generator-for-schools,Email Response Generator for Schools,2026-03-06,2026-02-23,https://wayground.com/learn/generators/email-response-generator-for-schools
Generators,grade-level-rewriter-built-for-classrooms,"Grade Level Rewriter, Built for Classrooms",2026-03-06,2026-02-23,https://wayground.com/learn/generators/grade-level-rewriter-built-for-classrooms
Generators,how-ai-lesson-plan-generators-work,How AI Lesson Plan Generators Work (and How to Get More From Them),2026-03-31,2026-03-27,https://wayground.com/learn/generators/how-ai-lesson-plan-generators-work
Generators,how-do-i-turn-a-pdf-into-a-quiz-using-ai-from-documents-to-interactive-quizzes,How Do I Turn a PDF into a Quiz Using AI: From Documents to Interactive Quizzes,2026-03-06,2026-02-09,https://wayground.com/learn/generators/how-do-i-turn-a-pdf-into-a-quiz-using-ai-from-documents-to-interactive-quizzes
Generators,making-homework-inclusive-the-power-of-a-homework-translator,Making Homework Inclusive: The Power of a Homework Translator,2026-03-06,2026-02-23,https://wayground.com/learn/generators/making-homework-inclusive-the-power-of-a-homework-translator
Generators,reading-fluency-passage-generator-for-classrooms,Reading Fluency Passage Generator for Classrooms,2026-03-06,,https://wayground.com/learn/generators/reading-fluency-passage-generator-for-classrooms
Generators,real-world-scenario-quiz-generator-built-for-teachers,Real World Scenario Quiz Generator Built for Teachers,2026-03-06,,https://wayground.com/learn/generators/real-world-scenario-quiz-generator-built-for-teachers
Generators,story-based-problem-generator-that-engages-every-learner,Story-Based Problem Generator That Engages Every Learner,2026-03-06,,https://wayground.com/learn/generators/story-based-problem-generator-that-engages-every-learner
Generators,word-problem-maker-save-time-and-boost-engagement-effortlessly,Word Problem Maker: Save Time and Boost Engagement Effortlessly,2026-03-06,2026-02-23,https://wayground.com/learn/generators/word-problem-maker-save-time-and-boost-engagement-effortlessly
Lesson Plans,10-lesson-plan-assessment-examples-for-middle-school-teachers,10 Lesson Plan Assessment Examples for Middle School Teachers,2026-03-06,2026-02-03,https://wayground.com/learn/lesson-plan/10-lesson-plan-assessment-examples-for-middle-school-teachers
Lesson Plans,ai-lesson-plan-generator-for-elementary-education-save-time-spark-engagement,"AI Lesson Plan Generator for Elementary Education: Save Time, Spark Engagement",2026-03-06,,https://wayground.com/learn/lesson-plan/ai-lesson-plan-generator-for-elementary-education-save-time-spark-engagement
Lesson Plans,direct-instruction-lesson-plan-example-from-objectives-to-assessment,Direct Instruction Lesson Plan Example: From Objectives to Assessment,2026-03-06,,https://wayground.com/learn/lesson-plan/direct-instruction-lesson-plan-example-from-objectives-to-assessment
Lesson Plans,lesson-plan-closure-examples-how-to-end-lessons-with-impact,Lesson Plan Closure Examples: How to End Lessons with Impact,2026-02-25,,https://wayground.com/learn/lesson-plan/lesson-plan-closure-examples-how-to-end-lessons-with-impact
Lesson Plans,what-is-the-anticipatory-set-in-a-lesson-plan-examples-and-best-practices,What Is the Anticipatory Set in a Lesson Plan? Examples and Best Practices,2026-03-06,,https://wayground.com/learn/lesson-plan/what-is-the-anticipatory-set-in-a-lesson-plan-examples-and-best-practices
Lesson Plans,writing-objectives-for-lesson-plans-made-simple,Writing Objectives for Lesson Plans Made Simple,2026-03-06,,https://wayground.com/learn/lesson-plan/writing-objectives-for-lesson-plans-made-simple
Question Types,50-poll-questions-for-students-that-spark-engagement-in-any-classroom,50 Poll Questions for Students That Spark Engagement in Any Classroom,2026-03-06,2026-02-05,https://wayground.com/learn/question-types/50-poll-questions-for-students-that-spark-engagement-in-any-classroom
Question Types,bonus-questions-for-exams-that-engage-every-student,Bonus Questions for Exams That Engage Every Student,2026-03-06,2026-02-05,https://wayground.com/learn/question-types/bonus-questions-for-exams-that-engage-every-student
Question Types,how-to-create-fill-in-the-blank-questions-for-deeper-learning,How to Create Fill-in-the-Blank Questions for Deeper Learning,2026-03-06,2026-02-09,https://wayground.com/learn/question-types/how-to-create-fill-in-the-blank-questions-for-deeper-learning
Question Types,how-to-effectively-ask-open-ended-questions,How to Effectively Ask Open-Ended Questions?,2026-03-06,2025-02-05,https://wayground.com/learn/question-types/how-to-effectively-ask-open-ended-questions
Question Types,how-to-write-effective-true-or-false-questions,How to Write Effective True or False Questions,2026-03-06,2026-02-05,https://wayground.com/learn/question-types/how-to-write-effective-true-or-false-questions
Question Types,how-to-write-multiple-choice-questions-that-truly-measure-understanding,How to Write Multiple Choice Questions That Truly Measure Understanding,2026-03-06,2026-02-05,https://wayground.com/learn/question-types/how-to-write-multiple-choice-questions-that-truly-measure-understanding
Question Types,types-of-test-questions-how-to-choose-the-right-format-for-every-learner,Types of Test Questions: How to Choose the Right Format for Every Learner,2026-03-06,2026-02-05,https://wayground.com/learn/question-types/types-of-test-questions-how-to-choose-the-right-format-for-every-learner
Question Types,what-are-hot-spot-questions-benefits-examples-and-classroom-tips,"What Are Hot Spot Questions? Benefits, Examples, and Classroom Tips",2026-03-06,2026-02-05,https://wayground.com/learn/question-types/what-are-hot-spot-questions-benefits-examples-and-classroom-tips
Question Types,what-are-matching-questions-definition-examples-and-classroom-strategies,"What Are Matching Questions? Definition, Examples, and Classroom Strategies",2026-03-06,2026-02-05,https://wayground.com/learn/question-types/what-are-matching-questions-definition-examples-and-classroom-strategies
Education Assessments,cooperative-learning-strategies,10 Cooperative Learning Strategies That Build Teamwork and Boost Achievement,2026-03-31,2026-03-27,https://wayground.com/learn/education-assessment/cooperative-learning-strategies
Education Assessments,classroom-management-strategies,20 Classroom Management Strategies That Actually Work: A Research-Backed Guide for K-12 Teachers,2026-03-31,2026-03-27,https://wayground.com/learn/education-assessment/classroom-management-strategies
Education Assessments,bell-ringer-activities,50+ Bell Ringer Activities: Examples for Every Subject and Grade Level,2026-03-18,2026-03-16,https://wayground.com/learn/education-assessment/bell-ringer-activities
Education Assessments,exit-ticket-examples,50+ Exit Ticket Examples by Subject and Grade Level,2026-03-16,2026-03-16,https://wayground.com/learn/education-assessment/exit-ticket-examples
Education Assessments,are-formative-assessments-graded-understanding-the-purpose-and-practice,Are Formative Assessments Graded? Understanding the Purpose and Practice,2026-03-06,2026-02-04,https://wayground.com/learn/education-assessment/are-formative-assessments-graded-understanding-the-purpose-and-practice
Education Assessments,best-classroom-games-for-student-engagement-free-tools-and-ideas-for-teachers,Best Classroom Games for Student Engagement: Free Tools and Ideas for Teachers,2026-03-31,2026-03-27,https://wayground.com/learn/education-assessment/best-classroom-games-for-student-engagement-free-tools-and-ideas-for-teachers
Education Assessments,check-for-understanding-strategies,Check for Understanding: 15 Strategies Teachers Can Use Today,2026-03-31,2026-03-27,https://wayground.com/learn/education-assessment/check-for-understanding-strategies
Education Assessments,checking-for-understanding-strategies,Checking for Understanding Strategies: 12 Techniques for Real-Time Feedback,2026-03-16,2026-03-16,https://wayground.com/learn/education-assessment/checking-for-understanding-strategies
Education Assessments,diagnostic-assessment-benefits-advantages-and-disadvantages-explained,Diagnostic Assessment Benefits (Advantages and Disadvantages) Explained,2026-03-06,2026-02-23,https://wayground.com/learn/education-assessment/diagnostic-assessment-benefits-advantages-and-disadvantages-explained
Education Assessments,diagnostic-assessment-examples-practical-strategies-for-every-classroom,Diagnostic Assessment Examples: Practical Strategies for Every Classroom,2026-03-06,2026-02-04,https://wayground.com/learn/education-assessment/diagnostic-assessment-examples-practical-strategies-for-every-classroom
Education Assessments,diagnostic-assessment-tools-practical-strategies-for-real-classrooms,Diagnostic Assessment Tools: Practical Strategies for Real Classrooms,2026-03-06,2026-02-23,https://wayground.com/learn/education-assessment/diagnostic-assessment-tools-practical-strategies-for-real-classrooms
Education Assessments,differentiated-instruction-strategies,Differentiated Instruction Strategies: A Practical Guide for K-12 Teachers,2026-03-31,2026-03-27,https://wayground.com/learn/education-assessment/differentiated-instruction-strategies
Education Assessments,education-assessment-methods-explained-from-formative-to-peer-assessment,Education Assessment Methods Explained: From Formative to Peer Assessment,2026-03-06,2026-02-04,https://wayground.com/learn/education-assessment/education-assessment-methods-explained-from-formative-to-peer-assessment
Education Assessments,exit-ticket-template-how-to-use-them-in-your-classroom,Exit Ticket Template: How to Use Them in Your Classroom,2026-03-06,2026-02-23,https://wayground.com/learn/education-assessment/exit-ticket-template-how-to-use-them-in-your-classroom
Education Assessments,formative-assessment-examples-ideas-every-teacher-should-try,Formative Assessment Examples & Ideas Every Teacher Should Try,2026-03-06,2026-02-19,https://wayground.com/learn/education-assessment/formative-assessment-examples-ideas-every-teacher-should-try
Education Assessments,formative-assessment-types-explained-and-how-to-use-them,Formative Assessment Types Explained And How to Use Them,2026-02-05,2026-02-04,https://wayground.com/learn/education-assessment/formative-assessment-types-explained-and-how-to-use-them
Education Assessments,inquiry-based-learning-teachers-guide,Inquiry-Based Learning: A Teacher's Guide to Implementation in K-12,2026-04-06,2026-03-27,https://wayground.com/learn/education-assessment/inquiry-based-learning-teachers-guide
Education Assessments,is-an-exit-ticket-a-formative-assessment,Is an Exit Ticket a Formative Assessment?,2026-03-06,2026-02-04,https://wayground.com/learn/education-assessment/is-an-exit-ticket-a-formative-assessment
Education Assessments,retrieval-practice,Retrieval Practice: The Science Behind It and How to Use It in Your Classroom,2026-03-31,2026-03-25,https://wayground.com/learn/education-assessment/retrieval-practice
Education Assessments,scaffolding-in-education,"Scaffolding in Education: Definition, Strategies, and Classroom Examples for Teachers",2026-03-30,2026-03-27,https://wayground.com/learn/education-assessment/scaffolding-in-education
Education Assessments,student-engagement-strategies,Student Engagement Strategies: 20 Proven Techniques for K-12 Classrooms,2026-03-31,2026-03-27,https://wayground.com/learn/education-assessment/student-engagement-strategies
Education Assessments,student-self-assessment,Student Self Assessment: A Complete Guide for K-12 Teachers,2026-03-31,2026-03-27,https://wayground.com/learn/education-assessment/student-self-assessment
Education Assessments,summative-assessment-examples-a-complete-guide-for-educators,Summative Assessment Examples: A Complete Guide for Educators,2026-03-06,2026-02-23,https://wayground.com/learn/education-assessment/summative-assessment-examples-a-complete-guide-for-educators
Education Assessments,summative-assessment-tools-features-benefits-and-classroom-uses,"Summative Assessment Tools: Features, Benefits, and Classroom Uses",2026-02-03,2026-02-04,https://wayground.com/learn/education-assessment/summative-assessment-tools-features-benefits-and-classroom-uses
Education Assessments,summative-assessment-types-explained-from-tests-to-projects,Summative Assessment Types Explained: From Tests to Projects,2026-02-05,2026-02-04,https://wayground.com/learn/education-assessment/summative-assessment-types-explained-from-tests-to-projects
Education Assessments,summative-assessments-benefits-drawbacks-explained,Summative Assessments: Benefits & Drawbacks Explained,2026-03-06,2026-02-23,https://wayground.com/learn/education-assessment/summative-assessments-benefits-drawbacks-explained
Education Assessments,the-advantages-and-disadvantages-of-formative-assessments,The Advantages and Disadvantages of Formative Assessments,2026-03-06,2026-03-03,https://wayground.com/learn/education-assessment/the-advantages-and-disadvantages-of-formative-assessments
Education Assessments,think-pair-share,Think-Pair-Share: Complete Guide to Making It Work,2026-04-06,2026-03-27,https://wayground.com/learn/education-assessment/think-pair-share
Education Assessments,top-10-formative-assessment-tools-every-teacher-should-know,Top 10 Formative Assessment Tools Every Teacher Should Know,2026-03-06,2026-02-23,https://wayground.com/learn/education-assessment/top-10-formative-assessment-tools-every-teacher-should-know
Education Assessments,turn-and-talk,Turn and Talk: A Quick Guide to Increasing Student Engagement,2026-03-31,2026-03-18,https://wayground.com/learn/education-assessment/turn-and-talk
Education Assessments,what-are-diagnostic-assessments-a-teachers-guide,What Are Diagnostic Assessments? A Teacher's Guide,2026-03-06,2026-02-23,https://wayground.com/learn/education-assessment/what-are-diagnostic-assessments-a-teachers-guide
Education Assessments,what-are-formative-assessments-a-teachers-guide,What Are Formative Assessments? A Teacher's Guide,2026-03-06,2026-02-04,https://wayground.com/learn/education-assessment/what-are-formative-assessments-a-teachers-guide
Education Assessments,what-are-summative-assessments-examples-advantages-and-classroom-strategies,"What Are Summative Assessments? Examples, Advantages, and Classroom Strategies",2026-02-06,2026-02-03,https://wayground.com/learn/education-assessment/what-are-summative-assessments-examples-advantages-and-classroom-strategies
Education Assessments,what-are-the-different-types-of-diagnostic-assessment-a-teachers-guide,What Are the Different Types of Diagnostic Assessment? A Teacher's Guide,2026-03-06,2026-02-04,https://wayground.com/learn/education-assessment/what-are-the-different-types-of-diagnostic-assessment-a-teachers-guide
Education Assessments,what-is-a-socratic-seminar,What Is a Socratic Seminar? A Complete Teacher's Guide to Running Student-Led Discussions,2026-03-31,2026-03-27,https://wayground.com/learn/education-assessment/what-is-a-socratic-seminar
